{"dataURL":"file:\/\/\/Users\/rodinsh\/Desktop\/Projects\/AI:ML\/DeepFakeDetection\/Dataset\/","id":"B0DC85A5-CF13-46A2-92ED-44A4F9F2FB23","createdDate":"2022-04-25T00:19:41Z","title":"Dataset","modifiedDate":"2022-04-25T00:20:03Z","preferredFilename":"Dataset","version":"1.0","dataResult":{"dataURL":"file:\/\/\/Users\/rodinsh\/Desktop\/Projects\/AI:ML\/DeepFakeDetection\/Dataset\/","createdDate":"2022-04-25T00:19:41Z","dataSourceID":"B0DC85A5-CF13-46A2-92ED-44A4F9F2FB23"},"activityEntities":["dataSourceCreated",[{"id":"0A126F48-D0DD-48BD-9447-D57ABA550F1E","title":"Data Source Created","createdDate":"2022-04-25T00:19:41Z","event":"dataSourceCreated","subtitle":"Dataset"}],"dataSourceMetrics",[{"id":"B60EEC02-56A8-42A1-B71F-B115E90218CB","title":"Data Summary","createdDate":"2022-04-25T00:20:03Z","event":"dataSourceMetrics","subtitle":"2 Classes, 3,987 Items"}],"dataSourceTrainingStarted",[{"id":"9704BD21-B6FA-429F-A30E-5DC05CFB3D84","title":"Used By","createdDate":"2022-04-25T00:20:03Z","event":"dataSourceTrainingStarted","subtitle":"DeepfakeDetectionModel 1"}]],"pathType":0,"experimentIDs":["F81DF6CD-C34A-478A-AA13-4B745A744F5E"]}